{
  "unit_value": 1002471412.3329667,
  "initial_value": 1685087560.9989,
  "available_budget": 1299781302.9989,
  "total_provisioned_amount": 385350658.0,
  "total_available_budget": 914430644.9988999,
  "total_commiment": 171857658.0,
  "total_by_engaded": 213493000.0,
  "total_commitet_percentage": "13.22",
  "total_available_budget_percentage": "70.35",
  "total_by_engaded_percentage": "16.43"
}
